<?xml version="1.0" encoding="utf-8"?>
<resources>

    <string name="app_name">Drag And Drop Me</string>
    <string name="hello_world">Hello world!</string>
    <string name="menu_settings">Settings</string>
    <string name="intro">Place these foods in your order of preference.</string>
    <string name="option_1">Apple</string>
    <string name="option_2">Cake</string>
    <string name="option_3">Cheese</string>
    <string name="choice_1">Most favorite</string>
    <string name="choice_2">-</string>
    <string name="choice_3">Least favorite</string>

</resources>